test_name,status,retries,duration
testRandomFlaky,FAIL,1,21.0
testRandomFlaky,FAIL,1,29.0
testRandomFlaky,FAIL,1,30.0
testRandomFlaky,FAIL,2,5.0
testRandomFlaky,FAIL,1,23.0
testRandomFlaky,FAIL,2,1.0
testRandomFlaky,FAIL,1,25.0
testRandomFlaky,FAIL,1,25.0
testRandomFlaky,FAIL,2,1.0
testRandomFlaky,FAIL,1,25.0
testRandomFlaky,FAIL,2,1.0
testRandomFlaky,FAIL,1,26.0
testRandomFlaky,FAIL,2,1.0
testRandomFlaky,FAIL,1,28.0
testRandomFlaky,FAIL,2,1.0
testRandomFlaky,FAIL,1,23.0
testRandomFlaky,FAIL,1,25.0
testRandomFlaky,FAIL,2,1.0
testRandomFlaky,FAIL,1,24.0
testRandomFlaky,FAIL,1,29.0
testRandomFlaky,FAIL,1,30.0
testRandomFlaky,FAIL,2,5.0
testRandomFlaky,FAIL,1,27.0
testRandomFlaky,FAIL,2,2.0
testRandomFlaky,FAIL,1,28.0
testRandomFlaky,FAIL,2,3.0
testRandomFlaky,FAIL,1,28.0
testRandomFlaky,FAIL,2,2.0
testRandomFlaky,FAIL,1,23.0
testRandomFlaky,FAIL,2,1.0
testRandomFlaky,FAIL,1,25.0
testRandomFlaky,FAIL,1,25.0
testRandomFlaky,FAIL,2,1.0
testRandomFlaky,FAIL,1,25.0
testRandomFlaky,FAIL,2,1.0
testRandomFlaky,FAIL,1,26.0
testRandomFlaky,FAIL,2,1.0
testRandomFlaky,FAIL,1,28.0
testRandomFlaky,FAIL,2,1.0
testRandomFlaky,FAIL,1,23.0
testRandomFlaky,FAIL,1,25.0
testRandomFlaky,FAIL,2,1.0
testRandomFlaky,FAIL,1,24.0
testRandomFlaky,FAIL,1,23.0
testRandomFlaky,FAIL,2,1.0
testRandomFlaky,FAIL,1,25.0
testRandomFlaky,FAIL,1,25.0
testRandomFlaky,FAIL,2,1.0
testRandomFlaky,FAIL,1,25.0
testRandomFlaky,FAIL,2,1.0
testRandomFlaky,FAIL,1,23.0
testRandomFlaky,FAIL,2,1.0
testRandomFlaky,FAIL,1,25.0
testRandomFlaky,FAIL,1,25.0
testRandomFlaky,FAIL,2,1.0
testRandomFlaky,FAIL,1,25.0
testRandomFlaky,FAIL,2,1.0
testRandomFlaky,FAIL,1,26.0
testRandomFlaky,FAIL,2,1.0
testRandomFlaky,FAIL,1,28.0
testRandomFlaky,FAIL,2,1.0
testRandomFlaky,FAIL,1,22.0
testRandomFlaky,FAIL,2,1.0
testRandomFlaky,FAIL,1,23.0
testRandomFlaky,FAIL,2,1.0
testRandomFlaky,FAIL,1,25.0
testRandomFlaky,FAIL,1,25.0
testRandomFlaky,FAIL,2,1.0
testRandomFlaky,FAIL,1,25.0
testRandomFlaky,FAIL,2,1.0
testRandomFlaky,FAIL,1,26.0
testRandomFlaky,FAIL,2,1.0
testRandomFlaky,FAIL,1,28.0
testRandomFlaky,FAIL,2,1.0
testRandomFlaky,FAIL,1,29.0
testRandomFlaky,FAIL,1,30.0
testRandomFlaky,FAIL,2,5.0
testRandomFlaky,FAIL,1,27.0
testRandomFlaky,FAIL,2,2.0
testRandomFlaky,FAIL,1,28.0
testRandomFlaky,FAIL,2,3.0
testRandomFlaky,FAIL,1,23.0
testRandomFlaky,FAIL,2,1.0
testRandomFlaky,FAIL,1,25.0
testRandomFlaky,FAIL,1,25.0
testRandomFlaky,FAIL,2,1.0
testRandomFlaky,FAIL,1,25.0
testRandomFlaky,FAIL,2,1.0
testRandomFlaky,FAIL,1,26.0
testRandomFlaky,FAIL,2,1.0
testRandomFlaky,FAIL,1,28.0
testRandomFlaky,FAIL,2,1.0
testRandomFlaky,FAIL,1,23.0
testRandomFlaky,FAIL,1,23.0
testRandomFlaky,FAIL,2,1.0
testRandomFlaky,FAIL,1,25.0
testRandomFlaky,FAIL,1,25.0
testRandomFlaky,FAIL,2,1.0
testRandomFlaky,FAIL,1,25.0
testRandomFlaky,FAIL,2,1.0
testRandomFlaky,FAIL,1,26.0
testRandomFlaky,FAIL,2,1.0
testRandomFlaky,FAIL,1,28.0
testRandomFlaky,FAIL,2,1.0
testRandomFlaky,FAIL,1,23.0
testRandomFlaky,FAIL,1,25.0
testRandomFlaky,FAIL,2,1.0
testRandomFlaky,FAIL,1,24.0
testRandomFlaky,FAIL,1,29.0
testRandomFlaky,FAIL,1,23.0
testRandomFlaky,FAIL,2,1.0
testRandomFlaky,FAIL,1,25.0
testRandomFlaky,FAIL,1,25.0
testRandomFlaky,FAIL,2,1.0
testRandomFlaky,FAIL,1,25.0
testRandomFlaky,FAIL,2,1.0
testRandomFlaky,FAIL,1,26.0
testRandomFlaky,FAIL,2,1.0
testRandomFlaky,FAIL,1,23.0
testRandomFlaky,FAIL,2,1.0
testRandomFlaky,FAIL,1,25.0
testRandomFlaky,FAIL,1,25.0
testRandomFlaky,FAIL,2,1.0
testRandomFlaky,FAIL,1,25.0
testRandomFlaky,FAIL,2,1.0
testRandomFlaky,FAIL,1,26.0
testRandomFlaky,FAIL,2,1.0
testRandomFlaky,FAIL,1,28.0
testRandomFlaky,FAIL,2,1.0
testRandomFlaky,FAIL,1,23.0
testRandomFlaky,FAIL,1,25.0
testRandomFlaky,FAIL,2,1.0
testRandomFlaky,FAIL,1,24.0
testRandomFlaky,FAIL,1,29.0
testRandomFlaky,FAIL,1,30.0
testRandomFlaky,FAIL,2,5.0
testRandomFlaky,FAIL,1,27.0
testRandomFlaky,FAIL,2,2.0
testRandomFlaky,FAIL,1,28.0
testRandomFlaky,FAIL,2,3.0
testRandomFlaky,FAIL,1,28.0
testRandomFlaky,FAIL,2,2.0
testRandomFlaky,FAIL,1,30.0
testRandomFlaky,FAIL,1,23.0
testRandomFlaky,FAIL,2,3.0
testRandomFlaky,FAIL,1,23.0
testRandomFlaky,FAIL,2,1.0
testRandomFlaky,FAIL,1,25.0
testRandomFlaky,FAIL,1,25.0
testRandomFlaky,FAIL,2,1.0
testRandomFlaky,FAIL,1,25.0
testRandomFlaky,FAIL,2,1.0
testRandomFlaky,FAIL,1,26.0
testRandomFlaky,FAIL,2,1.0
testRandomFlaky,FAIL,1,28.0
testRandomFlaky,FAIL,2,1.0
testRandomFlaky,FAIL,1,23.0
testRandomFlaky,FAIL,1,25.0
testRandomFlaky,FAIL,2,1.0
testRandomFlaky,FAIL,1,24.0
testRandomFlaky,FAIL,1,23.0
testRandomFlaky,FAIL,2,1.0
testRandomFlaky,FAIL,1,25.0
testRandomFlaky,FAIL,1,25.0
testRandomFlaky,FAIL,2,1.0
testRandomFlaky,FAIL,1,25.0
testRandomFlaky,FAIL,2,1.0
testRandomFlaky,FAIL,1,26.0
testRandomFlaky,FAIL,2,1.0
testRandomFlaky,FAIL,1,28.0
testRandomFlaky,FAIL,2,1.0
testRandomFlaky,FAIL,1,23.0
testRandomFlaky,FAIL,1,25.0
testRandomFlaky,FAIL,2,1.0
testRandomFlaky,FAIL,1,24.0
testRandomFlaky,FAIL,1,23.0
testRandomFlaky,FAIL,2,1.0
testRandomFlaky,FAIL,1,25.0
testRandomFlaky,FAIL,1,25.0
testRandomFlaky,FAIL,2,1.0
testRandomFlaky,FAIL,1,25.0
testRandomFlaky,FAIL,2,1.0
testRandomFlaky,FAIL,1,26.0
testRandomFlaky,FAIL,2,1.0
testRandomFlaky,FAIL,1,28.0
testRandomFlaky,FAIL,2,1.0
testRandomFlaky,FAIL,1,23.0
testRandomFlaky,FAIL,1,25.0
testRandomFlaky,FAIL,2,1.0
testRandomFlaky,FAIL,1,23.0
testRandomFlaky,FAIL,2,1.0
testRandomFlaky,FAIL,1,25.0
testRandomFlaky,FAIL,1,25.0
testRandomFlaky,FAIL,2,1.0
testRandomFlaky,FAIL,1,25.0
testRandomFlaky,FAIL,2,1.0
testRandomFlaky,FAIL,1,26.0
testRandomFlaky,FAIL,2,1.0
testRandomFlaky,FAIL,1,28.0
testRandomFlaky,FAIL,2,1.0
testRandomFlaky,FAIL,1,23.0
testRandomFlaky,FAIL,1,25.0
testRandomFlaky,FAIL,2,1.0
testRandomFlaky,FAIL,1,24.0
testRandomFlaky,FAIL,1,31.0
testRandomFlaky,FAIL,1,29.0
testRandomFlaky,FAIL,1,30.0
testRandomFlaky,FAIL,2,5.0
testRandomFlaky,FAIL,1,27.0
testRandomFlaky,FAIL,2,2.0
testRandomFlaky,FAIL,1,28.0
testRandomFlaky,FAIL,2,3.0
testRandomFlaky,FAIL,1,28.0
testRandomFlaky,FAIL,2,2.0
testRandomFlaky,FAIL,1,29.0
testRandomFlaky,FAIL,1,30.0
testRandomFlaky,FAIL,2,5.0
testRandomFlaky,FAIL,1,27.0
testRandomFlaky,FAIL,2,2.0
testRandomFlaky,FAIL,1,28.0
testRandomFlaky,FAIL,2,3.0
testRandomFlaky,FAIL,1,28.0
testRandomFlaky,FAIL,2,2.0
testRandomFlaky,FAIL,1,30.0
testRandomFlaky,FAIL,1,23.0
testRandomFlaky,FAIL,2,1.0
testRandomFlaky,FAIL,1,25.0
testRandomFlaky,FAIL,1,25.0
testRandomFlaky,FAIL,2,1.0
testRandomFlaky,FAIL,1,25.0
testRandomFlaky,FAIL,2,1.0
testRandomFlaky,FAIL,1,26.0
testRandomFlaky,FAIL,2,1.0
testRandomFlaky,FAIL,1,28.0
testRandomFlaky,FAIL,2,1.0
testRandomFlaky,FAIL,1,23.0
testRandomFlaky,FAIL,1,28.0
testRandomFlaky,FAIL,2,1.0
testRandomFlaky,FAIL,1,29.0
testRandomFlaky,FAIL,1,30.0
testRandomFlaky,FAIL,2,5.0
testRandomFlaky,FAIL,1,27.0
testRandomFlaky,FAIL,2,2.0
testRandomFlaky,FAIL,1,28.0
testRandomFlaky,FAIL,2,3.0
testRandomFlaky,FAIL,1,28.0
testRandomFlaky,FAIL,2,2.0
testRandomFlaky,FAIL,1,30.0
testRandomFlaky,FAIL,1,29.0
testRandomFlaky,FAIL,1,30.0
testRandomFlaky,FAIL,2,5.0
testRandomFlaky,FAIL,1,27.0
testRandomFlaky,FAIL,2,2.0
testRandomFlaky,FAIL,1,26.0
testRandomFlaky,FAIL,2,1.0
testRandomFlaky,FAIL,1,23.0
testRandomFlaky,FAIL,2,1.0
testRandomFlaky,FAIL,1,25.0
testRandomFlaky,FAIL,1,25.0
testRandomFlaky,FAIL,2,1.0
testRandomFlaky,FAIL,1,25.0
testRandomFlaky,FAIL,2,1.0
testRandomFlaky,FAIL,1,26.0
testRandomFlaky,FAIL,2,1.0
testRandomFlaky,FAIL,1,28.0
testRandomFlaky,FAIL,2,1.0
testRandomFlaky,FAIL,1,23.0
testRandomFlaky,FAIL,1,25.0
testRandomFlaky,FAIL,2,1.0
testRandomFlaky,FAIL,1,24.0
testRandomFlaky,FAIL,1,23.0
testRandomFlaky,FAIL,2,1.0
testRandomFlaky,FAIL,1,25.0
testRandomFlaky,FAIL,1,25.0
testRandomFlaky,FAIL,2,1.0
testRandomFlaky,FAIL,1,25.0
testRandomFlaky,FAIL,2,1.0
testRandomFlaky,FAIL,1,26.0
testRandomFlaky,FAIL,2,1.0
testRandomFlaky,FAIL,1,28.0
testRandomFlaky,FAIL,2,1.0
testRandomFlaky,FAIL,1,29.0
testRandomFlaky,FAIL,1,30.0
testRandomFlaky,FAIL,2,5.0
testRandomFlaky,FAIL,1,27.0
testRandomFlaky,FAIL,2,2.0
testRandomFlaky,FAIL,1,28.0
testRandomFlaky,FAIL,2,3.0
testRandomFlaky,FAIL,1,28.0
testRandomFlaky,FAIL,2,2.0
